{
  "H": 128,
  "W": 128,
  "steps": 20,
  "image_seq_len": 64,
  "mu": 1.828324354587621,
  "raw_sigmas": [
    1.0,
    0.95,
    0.9,
    0.85,
    0.8,
    0.75,
    0.7,
    0.65,
    0.6000000000000001,
    0.55,
    0.5,
    0.45000000000000007,
    0.4,
    0.3500000000000001,
    0.30000000000000004,
    0.2500000000000001,
    0.20000000000000007,
    0.15000000000000002,
    0.10000000000000009,
    0.05
  ],
  "shifted_sigmas": [
    1.0,
    0.9916139841079712,
    0.982459545135498,
    0.9724261164665222,
    0.9613807201385498,
    0.9491620659828186,
    0.9355726838111877,
    0.9203684329986572,
    0.9032430648803711,
    0.883807897567749,
    0.8615620136260986,
    0.8358479738235474,
    0.8057862520217896,
    0.7701724171638489,
    0.7273118495941162,
    0.6747421026229858,
    0.6087426543235779,
    0.5234137177467346,
    0.40880680084228516,
    0.246732696890831,
    0.0
  ],
  "timesteps": [
    1000.0,
    991.614013671875,
    982.4595336914062,
    972.4260864257812,
    961.3807373046875,
    949.1620483398438,
    935.5726928710938,
    920.368408203125,
    903.2430419921875,
    883.8079223632812,
    861.56201171875,
    835.8479614257812,
    805.7862548828125,
    770.1724243164062,
    727.3118286132812,
    674.7421264648438,
    608.74267578125,
    523.4136962890625,
    408.8067932128906,
    246.73269653320312
  ]
}