{
  "H": 512,
  "W": 512,
  "steps": 8,
  "cfg": 4.0,
  "seed": 42,
  "S_txt": 201,
  "h_lat": 32,
  "w_lat": 32,
  "image_shape": [
    1,
    3,
    512,
    512
  ],
  "image_mean": -0.5563285946846008,
  "image_std": 0.3416513204574585,
  "latent_final_mean": 0.0037782303988933563,
  "latent_final_std": 0.7985996007919312
}