{
  "inputs": {
    "N": 8,
    "lr": 0.001,
    "b1": 0.9,
    "b2": 0.999,
    "eps": 1e-08,
    "wd": 0.01,
    "steps": 2,
    "grad": 0.05
  },
  "p0": [
    -0.400390625,
    -0.30078125,
    -0.2001953125,
    -0.10009765625,
    0.0,
    0.10009765625,
    0.2001953125,
    0.30078125
  ],
  "p_after2_deterministic": [
    -0.404296875,
    -0.3046875,
    -0.2021484375,
    -0.10205078125,
    -0.0019989013671875,
    0.09814453125,
    0.1982421875,
    0.296875
  ]
}