{
  "losses": [
    0.10000000149011612,
    0.20000000298023224,
    0.30000001192092896,
    0.4000000059604645
  ],
  "mask": [
    1.0,
    0.0,
    0.5,
    1.0
  ],
  "unmasked_weight": 0.1,
  "out": [
    0.1,
    0.02,
    0.15,
    0.4
  ]
}