{
  "steps": 8,
  "H": 64,
  "W": 64,
  "seed": 777,
  "cap_len": 224,
  "timesteps": [
    1000.0,
    973.156,
    937.9888,
    889.9174,
    820.2429,
    710.1828,
    510.2941,
    34.7826
  ],
  "sigmas": [
    1.0,
    0.973156,
    0.937989,
    0.889917,
    0.820243,
    0.710183,
    0.510294,
    0.034783,
    0.0
  ],
  "final_mean": -0.26171875,
  "final_std": 1.0703125
}